,딥러닝's news count
2019-06-05,1
2019-09-19,1
2019-11-04,1
2019-11-22,1
2020-01-05,1
2020-01-16,1
2020-01-22,1
2020-01-28,1
2020-02-04,1
2020-02-06,1
2020-02-07,1
2020-02-11,1
2020-02-20,1
2020-03-05,1
2020-03-12,1
2020-03-26,1
2020-04-01,1
2020-04-07,1
2020-04-08,1
2020-04-14,1
2020-04-15,1
2020-04-17,1
2020-04-21,2
2020-04-23,2
2020-04-24,1
2020-04-29,2
2020-04-30,1
2020-05-04,1
2020-05-06,1
2020-05-07,1
2020-05-10,1
2020-05-11,1
2020-05-13,1
2020-05-14,2
2020-05-20,2
2020-05-21,1
2020-05-22,1
2020-05-24,1
2020-05-26,6
2020-05-27,3
2020-05-28,4
2020-05-29,2
2020-05-31,3
2020-06-01,2
2020-06-02,5
2020-06-03,8
2020-06-04,6
2020-06-08,4
2020-06-09,4
2020-06-10,4
2020-06-12,2
